{"client_meta":{"background_color":{"r":0.8666666746139526,"g":0.8666666746139526,"b":0.8666666746139526,"a":1},"thumbnail_size":{"width":322,"height":400},"render_coordinates":{"x":-369,"y":-500,"width":802,"height":996}},"file_name":"Simple Video Search Engine"}